model,accuracy,balanced_accuracy
hgb_balanced_smooth,0.9833492063492063,0.9704626713523865
hgb_balanced_main,0.9830238095238095,0.9699770399576345
hgb_less_weighted,0.9833333333333333,0.9697663183085931
hgb_high_sensitive,0.9831031746031746,0.969490097118185
