fold,balanced_accuracy
1,0.9574076190664633
2,0.9564978621155422
3,0.9606286290733587
4,0.9638199558750316
5,0.96134418186233
